file_name,product_description_sentence
MJA_13_25_1,We're always happy to help
AFC_9_8_2,"From podcasts, interviews and lectures to personal recordings, I have done it all"
MJA_13_41_1,"Unlimited revisions up to 100% customer satisfaction  24 hours EXPRESS Delivery (Available) (First Delivery)  Quick Response  If you inform me via chat before placing the order, I can do your job faster, I'm sure you will get the best results, I'm confident and I'm good at this job"
AFC_10_32_3,If you are looking for assistance with fact checking your ai generated document or someone that can help save you time on research
MJA_3_25_1,I can deliver projects in the format you need
SDA_5_44_1,"Extremely fast delivery times compared to other service providers Expertise in various art styles and human anatomy, including anime, realistic, and more High-quality enhancements tailored to your needs Proficient in using both Stable Diffusion/WebUI and Adobe Illustrator Discreet and respectful: all kinds of content are welcome, and your requests will be handled confidentially  How it works: Choose the package that best fits your needs"
DEA_2_18_6,"Whether you need a custom piece of art or want a graphic representation for a marketing project, I can help you bring your ideas to life"
AMV_5_29_2,All prompts are generated with AI and upscaled for maximum quality and resolution
DEA_15_7_2,"If you have a specific requirement which is NOT listed above, write me and I"
MJA_7_48_4,"With lots of experience in the clothing design industry, I'm confident in my ability to bring your ideas to life"
ACE_1_23_6,"With my expertise, I can help rewrite your Ai generated content that gives you engaging, unique, and plagiarism-free content that will bring your ideas to life"
ACE_9_15_1,"I'm a wizard of words who knows how to use the latest tools like ChatGPT, Bing AI, Copy AI and more to create content that suits your brand, audience, and goals for any Niche"
DEA_11_20_1,"Expertise: With years of hands-on experience, we have mastered the art of WordPress web design"
ACE_14_29_3,Trust me to bring life to your written words with my affordable services
DEA_7_21_10,Reference examples of work that I should rely on; 3
DEA_9_31_3,"I use advanced algorithms and techniques to generate art that is both beautiful and meaningful, and I am always exploring new ways to push the boundaries of AI art"
ACE_21_44_2,Look no further than right here
DEA_4_40_3,These tools are AI-powered art generators that can create unique images based on text prompts or image references
ACE_6_43_2,"Whether you're looking to improve the readability of your chatbot responses or ensure the accuracy of your AI-generated reports, I've got you covered"
MJA_13_5_6,Let me help you take your online business to the next level with a professional site that will stand out from the competition
AFC_2_14_4,"As a content writer, my purpose is to produce high-quality, engaging, and informative content for clients' websites or blogs"
AFC_5_8_4,"Hi, there and welcome to my gig"
ACE_12_6_3,"Choose the best fonts to bring your document look professional Select a color scheme to make your document to bring it eye-catching Correct layout Foot Notes End notes Insert Table of Contents Place images, graphics, and charts Incorporate your logo and company information Automatic page numbers Modify or add headers/footers Convert your final design to PDF Create a spectacular cover page Proofread for spelling and simple grammar  Please do not hesitate to contact me if you have any special requirements"
ACE_6_33_2,Thorough Research on the content Error-free and up-to-date Facts Fast turnaround UNLIMITED REVISIONS 100% client satisfaction  Let me help you make a great impression on your audience
MJA_19_6_5,Why not hire a talented individual with over 5 years of experience in 3D model design
AFC_5_23_1,"Since I have a lot of fun doing research, I offer this service here"
ACE_20_24_1,"If you have any queries, you can contact me through inbox"
SDA_3_18_5,"I can produce various results for the same concept, ensuring that every desire is fulfilled, creating multiple designs capturing the essence of your preferences"
DEA_13_23_1,I'm here to deliver
MJA_8_29_12,"If you have any questions or Custom requests, please Contact me"
SDA_10_26_1,I will write a prompt and create beautiful HD images based on the description of your character
MJA_14_44_15,"What you get  Professional product photography editing with white background (or transparent/any color) retouching, enhancing color correcting and resizing"
AFC_2_30_7,Are you in need of captivating flyers that leave a lasting impression
AMV_7_48_1,Fast and reliable delivery: I will deliver your product within the agreed-upon timeframe
AMV_3_1_1,i have a lot experience in writing
ILL_10_26_1,Regards by mdhasinuzzaman
AFC_1_22_3,"Here's what you'll get with my gig: High-quality, up-to-date content that's relevant to your target audience Well-structured and grammatically correct writing On-time delivery, every time"
SDA_4_9_2,"I'll make all kinds of models, such as various types of Bottles, Jars, Cans, Boxes, Bags, DVD or CD cases, mugs,containers, cups, cosmetic products and etc"
ACE_20_4_1,"Using advanced AI tools and techniques, I am able to efficiently identify errors, inconsistencies, and inaccuracies in your writing, ensuring they are promptly rectified"
DEA_3_13_1,Use of DALL·E: DALL·E can generate images (Generations) based on text input you provide (Prompts
MJA_7_48_9,"My gig offers high-quality anime, manga, and VTuber avatar creations, utilizing a combination of generative art techniques and traditional design approaches to deliver impressive results"
SDA_6_16_3,"I have more than 45 fully customized AI models to use according to your characteristics, so you will have a great variety of characters as a result"
ACE_18_18_2,Get in touch with us today to learn more about our services and how we can help you
AMV_1_45_3,"Using the latest AI technology, I'll generate a unique and dynamic video that perfectly complements your sound"
AFC_7_28_2,Why do you need a fact-checking
ACE_5_32_9,"If you feel your AI content is lacking something, I can fix that"
AFC_1_21_1,"Hello, Welcome To My Gig"
SDA_7_44_1,Background of your choice
SDA_11_26_4,Let's talk more if you are interested
DEA_1_20_3,"Introducing the revolutionary ChatGPT, DALL-E2, and D-ID AI tools, designed to take your creative ideas to the next level"
DEA_7_16_3,The source file is charged extra
AFC_2_41_7,"My services are designed to help you present a compelling case to the US Citizenship and Immigration Services (USCIS), demonstrating that your business has a clear and viable plan for success"
DEA_9_32_6,"I offer a range of customization options, including language support, integration with your existing systems, and ongoing maintenance and optimization"
MJA_13_27_2,"You can choose different formats, backgrounds, or compositions"
ACE_16_33_6,Prompt Service AI-Powered Precision Thorough Fact Checking Language Enhancement Attention to Detail  Why choose me
AFC_11_19_1,Look no further
SDA_21_42_1,"I have worked as a Google Analyst for over 5 years, I know all what Google is expected in Google Merchant Center and from Merchants"
MJA_1_7_3,"With my mid journey AI service, you can expect:  High-quality, detailed concept art that accurately represents your vision Fast turnaround times, so you can get your project up and running quickly Constant communication and revisions to ensure you're completely satisfied with the final product Flexible pricing options to fit any budget  Don't settle for mediocre concept art - let me help you create something truly unique and captivating"
ACE_19_5_6,Place your order today and experience the transformative power of AI-enhanced editing
ACE_2_8_1,In this gig I offer:  SEO and keyword optimization Catchy titles 100% original content Thorough research and reliable sources
MJA_20_21_3,"If you have any favorite artists or works of art, let me know"
MJA_6_22_1,"With over 5 years of experience in digital art, I can bring your characters to life in a visually stunning way"
ACE_3_11_3,Look no further
MJA_1_7_1,You will get High-Quality realistic product images from me without ever having to leave your office
DEA_9_32_5,"Whether you need images for your website, social media, or marketing campaigns, I can create the perfect visuals to help you stand out and grab attention"
ACE_6_39_6,"As a professional scientific editor with expertise in various fields of science, I can help you address these issues in your AI-generated content"
DEA_4_14_2,Encourage employee advocacy
DEA_11_30_3,Our cutting-edge technology produces images that are virtually indistinguishable from real-life photographs
AFC_12_28_5,"I will fix your website's HTML, CSS, Bootstrap, and responsive errors in just 24 hours"
ACE_5_44_4,Language is a wonderful tool
MJA_13_29_3,"I can create any type of visual element you require, whether it be an Ai character design, background design, custom logo, brochure, product label, or any other visual component"
DEA_16_10_1,Do you use Tiktok to make content
ACE_14_14_5,"With my expertise in editing and rewriting AI articles, I guarantee to provide you with a high-quality, original article that will meet your expectations"
SDA_6_22_6,"My expertise in AI art allows me to bring your ideas to life, giving you a unique and personal masterpiece that you'll cherish forever"
AFC_2_24_6,You're about to take a step just a message
MJA_11_44_5,Simple and clean designs can have a huge impact on a logo that has a lot going on  Why You Order From This Gig 100% Original work (No copyright
AFC_5_17_2,Grammar check Punctuation check Fact checks Satisfaction feed back Delivering Quality
MJA_10_43_1,"So, you'll always get 100% Original works"
DEA_10_23_2,"I will design banners for parties, corporate, food, and sports"
MJA_12_3_5,Welcome to my image enhancement and upscaling gig
ACE_2_25_1,"I'll give you articles that read naturally like a human wrote it, because I did"
CET_1_14_1,"I live in the United States, and hold an English language certificate from the University of Cambridge"
AFC_9_21_2,Let me help you make your content stand out with factual credibility
DEA_11_40_1,¡Contáctame ahora y llevemos tus proyectos visuales al siguiente nivel con la potencia de la IA
MJA_11_47_2,"Whether you need images for your website, social media, or any other project, I can work with you to understand your needs and deliver stunning results"
AMV_9_4_1,"Keep in mind, I am working with technology to create imagery which I can control many aspects, although the video output has random qualities each time, and therefore can only create a single unique video output per project, per revision"
ACE_9_14_1,Are you looking for an AI content editor who can help you take your content to the next level
ACE_13_46_2,Trabajo en Microsoft Word y Google Docs
AFC_4_15_1,Thank you for considering my services
AFC_4_36_1,"I will record my screen and voice as I move through your site, putting myself in the shoes of your customer"
ANM_1_13_18,100% Buyer Satisfaction Guarantee All images may be used for commercial & personal use
MJA_3_4_4,Please see FAQ for additional info or reach out if you have questions
SDA_2_43_5,4.Price should be varied (increase/decrease) depends on your animation and extras if you want <3 WE NEED: your logo+ channel name + Color+ shape + animation style If you have any concept in your mind feel free to share before the order has been placed ))))))) #webcam
AMV_1_28_1,Looking to enhance your music with amazing visuals
ACE_18_12_1,"Our AI software is programmed to analyze your content and make necessary corrections, ensuring that your Gig description is optimized and error-free"
MJA_7_37_7,Are you looking to enhance and make your normal portrait photos more eye-catching and professional
MJA_19_12_1,"Before You Order, Contact Me With The Sentence You Want Me To Use In Art So I Can Test If The Product You Will Be Getting Is Worth It"
DEA_10_27_1,"Any crazy dream you want, but only one picture"
ACE_17_33_1,and many more with which anyone can create  Documents Spreadsheets PowerPoint presentations Databases etc
ACE_16_7_4,"AI-generated content is helping businesses pump out content BUT it can be penalized by search engines and sometimes contain incorrect information or plagiarism.\  With my services, I can help you get the most out of your AI and Chat GPT writing - I provide a plagiarism check for EACH AND EVERY piece of content edited"
MJA_2_28_2,I am a professional AI prompter with years of experience in creating high-quality AI-generated artworks
SDA_14_47_3,"So whether you're a student, a professional, or just a sticker enthusiast, browse my collection and find the perfect stickers to express your personality and style"
AFC_5_23_1,"Whether it's a small text, a medium text or a longer text up to 1500, it's no problem for me"
CTC_2_6_6,"cartoon character vector, flat illustration, modern illustration, website illustration, mobile apps illustration"
ANM_6_18_6,Unleash the power of Midjourney ai on your custom art needs
CET_9_45_1,"I was the project manager for two tech startups, have my Masters in Renewable Energy Engineering, and grew up in a family of entrepreneurs"
AFC_10_29_4,"Before ordering, please drop me an email"
DEA_3_28_1,"During the creation process, I will provide you with several samples so that you can choose the best one for your project"
DEA_12_27_3,Providing you the best results and stunning vectors
DEA_7_21_11,"You will get:  2-4 revisionsif needed  High-resolution final files will be included in your order (.jpg, .png)  Source file (.ai, .eps.psd)  Quick replies Please send me a message if you need more informations before choosing a package, thank you"
AMV_2_44_3,If you have any doubt feel free to ask me any question
ACE_2_38_1,"I rewrite and edit Website and Blog Content Marketing & Branding Articles Product and App Copy  I will help you create engaging, well-structured, and naturally flowing content that captures the attention of your audience"
SDA_6_22_9,The level of detail and creativity achievable with AI is truly unique
SDA_19_25_1,"I can also provide advice on product sourcing, pricing, and other e-commerce best practices"
AFC_6_37_4,Get top quality and reliable fact-checking for your document
ACE_18_4_1,Reasons To Choose Me
ACE_19_48_7,Reach out and let's get to work
SDA_20_40_6,لا تتردد في إرسال رسالة وطلب أي شيء تحتاجه
AFC_9_45_1,Plus a reader´s report)  I am a very open-minded guy
SDA_2_1_3,I finalize the chosen image(s) and upscale them
ACE_13_39_4,Let our editing services be your efficient tool
DEA_9_2_3,"With the premium package you will get all the above features plus a human touch to the image, i will manually overpaint one of the generated images in order to reach the perfect result, correcting flaws, anatomy errors or adding details to the subject"
SDA_1_11_1,"My team of experts specializes in prompt generation & fine-tuning diffusion models to generate high-quality, user-desired images"
DEA_5_22_2,Want to showcase your products in a realistic and visually appealing way
MJA_13_20_4,I am an AI Artist and I will create unique one of a kind eye catching thumbnails for your projects
SDA_2_42_1,Looking for a professional and eye-catching vehicle wraps
SDA_7_31_1,I will make the design: Realistic character anime or waifu any kind of ideas Realistic game character and Sci-fi character Create realistic variations of famous characters or persons SFW images NSFW images   File format: PNG FILES File dimension: 4K Resolution
ACE_3_1_13,"·        A commitment to delivering fast, reliable, and affordable services"
ACE_6_37_3,"I can quickly and efficiently analyze your text for grammar, spelling, punctuation, syntax, and style errors"
AFC_4_43_3,"I carefully review and rewrite the AI-generated content, enhancing its readability, coherence, and overall effectiveness"
ACE_3_29_6,30% off on your first Order
DEA_7_8_4,"To grow on YouTube, you need High-Quality and professional Gaming thumbnails, and that's why I am here to help"
ACE_9_11_3,"Say goodbye to typos, factual inaccuracies, and lackluster tones that fail to captivate readers"
AFC_14_29_2,Please contact me before ordering if you are not sure if your request will conflict with this
MJA_13_7_1,·      Commercial rights and no resale
AMV_3_25_5,Let's elevate your AI art today
SDA_14_21_2,"We'll deliver the images quickly, so you can save time and concentrate on your projects"
AFC_4_34_2,Providing detailed reports summarizing findings
AMV_6_36_1,This will help what the song wants to tell
SDA_14_18_3,"WORK FLOW: Send me your reference pictures, explain your request with as much detail as possible"
SDA_6_22_5,Welcome to most  Exclusive Gig on Attractive and Unique Logo Designs in the Market  Vision : Achieve Buyers 100% Satisfaction  Tired of Searching for Logo concepts
AMV_5_24_1,Contact me to discuss customized packages
SDA_15_24_2,What benefits you will get
SDA_17_27_1,Transform your photos into stunning works of art with my AI image generation gig
AMV_3_4_6,I am also open to experimenting with different techniques and styles to create artwork that is truly one-of-a-kind
DEA_2_12_1,"Ich erstelle für Sie ein oder mehrere Bilder, die mit einer KI erstellt wurden"
SDA_6_14_4,I will make beautiful tutorials for your social networks
SDA_7_8_2,I use prompt keywords and technique to create realistic and unique art design image as your requirement from concept to execution
AFC_2_41_1,"My goal is to provide you with a top-notch, professional plan that showcases your business idea and highlights the potential for success in the US market"
MJA_14_11_11,Bring your fantasy to life with the lowest cost
MJA_19_7_2,"In this gig, I offer the following services:  E-book Story Ghostwriting: I'll create a unique and original story for your children or young adult audience"
AFC_3_45_1,"What I Offer: Basic: For just $5, I will fact-check 5 statements or claims in your article, blog, or social media post"
DEA_13_26_1,if you are looking for modern businessqr code concept to professionally represent your business .you are at very right place
AFC_13_28_5,I will edit and proofread your ai content to make it plagiarism free and original that is rankable by Google
MJA_11_33_4,Don't hesitate to send me a message if you have any questions
MJA_17_21_1,You've come to the right place
AMV_6_47_4,"By understanding your needs and preferred style, we can work together to create a truly memorable animation that exceeds your expectations"
MJA_19_15_7,Thank you for considering my services
AFC_2_19_5,"Also I dont make logos, thank you"
DEA_13_34_2,Our images are high-quality and fully customizable to suit your unique style and voice
AMV_5_24_1,"With Stable Diffusion AI Art, I can create AI Animation of your video in any style you desire"
MJA_4_43_1,I look forward to working with you
MJA_17_28_2,My design process focuses on clear communication and always puts your brand and audience first
DEA_12_2_1,Let's work together to bring your ideas to life
DEA_17_12_2,"Our AI models have been meticulously trained on a vast array of visual content, giving them an unparalleled understanding of aesthetics, storytelling, and emotions"
MJA_11_23_4,"De plus, nous pouvons nous baser sur une photo existante comme référence si vous le désirez"
DEA_7_35_1,I will be using AI to make your designs
SDA_19_31_6,"Before placing a purchase, PLZ get in touch with me so I can better understand your goals"
MJA_6_24_1,Contact me today and let's get started
AFC_14_22_2,to embed in your article to really make your content stand out
SDA_8_22_1,"The gig offers different packages with a range of options for character design and delivery time, and allows clients to choose from various styles of anime artwork, including chibi, full-body character designs, and stylized portraits"
ACE_18_41_3,"My believe is:  MAN + AI = DOMINANCE MAN - AI = SL4V3RY AI - MAN = IMB3CIL3  To dominate and become a master at what we do, we need to master ow to bend AI and machines to our will and give them the right instructions"
SDA_2_10_3,"Before you order, be sure to message me so we can see if your prompt can be fine tuned for the AI"
SDA_15_21_3,let us know your budget to come up with better solutions
MJA_15_14_4,"With my expertise and the power of Midjourney AI, I will bring your creative vision to life"
ILL_1_38_8,"I really like vintage cartoons, vintage movie poster art styles"
DEA_1_39_5,"While, revisions are not attractive for us to provide, we do prefer to deliver more versions of your image project, so you can edit your images with your own team and get it to perfection if that's the case"
SDA_20_5_1,"1) Use Ai to make beautiful AI arts, t shirt design, logo design"
MJA_14_16_4,"Stunning AI concept art, incredible AI illustrations and visuals, amazing AI generated fictional characters - created with advanced AI"
DEA_4_47_1,So why wait
ACE_20_11_2,"I am an undergraduate student, I am an expert in proofreading and content editing"
MJA_14_44_6,I will be responsible for your photo editing to make look better when you will work with me
AMV_1_19_6,"I understand that every project is unique, and I am happy to work with you to create a custom offer that fits your specific needs"
AFC_14_12_1,I can work on any genre to your satisfaction
MJA_15_31_2,"You can count on well-researched, beautifully written content to attract visitors and build trust and connection with your target audience"
MJA_2_36_1,Paintings / Poster Cover Art (Book / Album / Podcast) Character Design interior Design Logo Design Seamless Patterns Designs And Many More
DEA_13_41_3,"You have arrived at your destination, contact me to take more than 4 photos, what are you waiting for, contact me now"
DEA_7_48_2,I'm happy to share an example with you before we dive into the full project and all my packages have at least one revision
AFC_7_28_2,"To verify the credibility Secure your website/repot from legal claims   This Fact-checking service is important for below areas (AI generated or manually written): Online articles Web contents Essays Business documents  My process: 1.Highlight important facts in the document 2.Research on highlighted facts using journals, recommended websites, and books 3.Provide proof 4.Add links to trusted articles sourcing  Please contact me if you need a re-write service after fact-checking process or any questions"
ACE_5_25_5,"Some humor, flow and personality"
AMV_3_27_1,"Please, read and contact me BEFORE ordering with a description of your idea"
MJA_10_18_2,"By harnessing advanced algorithms and cutting-edge technology, I produce stunning, one-of-a-kind pieces that are sure to make an impression"
PFR_20_39_5,"With my help, you can confidently submit your work, knowing that it is error-free and ready to impress"
DEA_3_29_1,"T-shirt designs  My service  creating pictures with the help of artificial intelligence  provides the opportunity to create impressive, professional pictures using advanced technologies of artificial intelligence"
MJA_1_33_1,"I don't DO ANIMATION, and I don't steal illustrations from other artists as a reference"
SDA_19_22_3,can do: abstract art portrait custom image logo design any kind of art and many more...  but...wait whyyyy me is the best choice
MJA_14_26_3,"Also I´ll include a mockup of whatever you are looking the print for (Mugs, portraits, poster, etc...) I´ll also fix the light of each pic to make sure it looks better"
DEA_8_24_2,My Service is Designed to Meet Your Unique Image Requirements and Help You Bring Your Vision to Life
MJA_13_33_4,"Whether you need a logo, banner, flyer, or any other type of image, I am confident that I can bring your vision to life"
ACE_7_48_3,You want to get something written fast and used AI
ANM_1_34_3,Please contact me be for the order Thank you
ACE_3_39_3,ChatGPT can produce thousands of words within a few minutes
MJA_13_5_2,"Tags: NFT, NFT art, NFT character, NFT collection, Metadata, Pixel art"
AFC_10_35_6,"Due to the distance between the two parties, cross-border transactions have become extremely risky"
DEA_9_2_3,i will create AI generated images based on your description and references
DEA_13_36_1,"I am adept at interpreting visual references, character designs, and storyboards to bring them to life on the screen"
DEA_4_38_2,"I'll utilize advanced AI techniques to create the foundation of your artwork, and then apply my expertise to enhance and perfect it, ensuring exceptional results"
DEA_17_15_4,"Place your order today, and let my AI-powered service transform your project into a feast for the eyes"
PFR_10_23_3,Is the content boring
SDA_1_47_1,Hi there Fiverr
DEA_5_6_4,"My worksheets cater to a wide range of age groups and cover various subjects such as math, science, language arts and more"
MJA_4_9_7,for your personal or commercial use
DEA_12_44_4,Here are some reasons why you should hire me as an AI artist: I have experience and skills in using Midjourney AI and other generative AI platforms I have a passion and talent for creating beautiful and original AI
DEA_7_17_1,"Creation of Token must be done by buyer, with our guidance trough all the steps"
PFR_4_38_6,"I'll setup and optimize your amazon fba PPC campaigns Kindly drop a message and we can discuss this further before placing the order  You thought selling on Amazon would be easy, but you just got to know about PPC Campaigns and don't want to use your time on it"
ACE_6_42_7,The human touch gives you the best of both worlds
MJA_15_28_6,The pricing and timeline of work will vary greatly according to the level up of detail and complexity of the project
MJA_19_8_4,Don't miss out on the opportunity to have a profile picture that sets you apart
ACE_3_27_20,"I've got 3 AI Rewriting Packages from which you can choose:  Basic: AI Content in Short Text (up to 500 words) Standard: AI-Generated Blog (up to 750 words) Premium: AI Content in Article (up to 1250 words)   Choose your package, and let's get to work"
ACE_3_22_3,Yes and no
ACE_21_27_7,It is 2023 and ChatGPT is here to stay
DEA_12_34_7,"Here's what I can do for you: Install and set up WordPress on your domain and hosting Install and customize a premium theme to match your brand and vision Customize the theme with your logo, colors, and fonts Create and set up pages such as Home, About, Services, Contact, etc"
DEA_10_26_4,"Hey buyers, I will generate high-quality artwork using DALL E 2 and Midjourney"
SDA_1_41_11,⭐ Level 2 seller with positive feedback on all work done
AMV_3_31_11,Transform your ideas into a music video of your dreams with our AI generated music video services
SDA_12_39_2,AI concept art for dungeons and dragons
ACE_21_33_2,"I also offer fact-checking to ensure that your content is accurate, reliable, and up-to-date"
AMV_5_15_1,"If you need post production work, I am open to discussing"
DEA_8_22_2,Bulk picture discounts are available
MJA_5_37_1,I will prove with work why you should work with me
DEA_14_25_3,Ai art | Ai artist | graphics design| generated image | Dall-E art  Welcome to my AI artist gig
AMV_8_23_3,I can also perform the editing myself on these videos to perfect them into a music video or sync them to your music at an additional cost
DEA_3_47_5,Feel free to contact me if you have any questions
SDA_4_47_6,Email me at any moment if you have any questions or special requests
SDA_3_38_5,"Note: If I'm offline, just message me"
AMV_3_27_2,Explain me the details of your requirements so I can help you better
DEA_7_39_6,We will work closely with you to ensure that the images we provide accurately and perfectly reflect your artistic vision
ACE_1_8_2,I have trolled ChatGPT and others
AFC_10_1_1,"To Get started I need:  Products data that include the product name, description, images, price, SKU, Categories etc"
MJA_15_15_3,Custom Illustrations: Bring your vision to life with unique and personalized illustrations that resonate with your brand
DEA_8_22_4,"If you want special designs, please message me first"
DEA_8_25_4,"I will edit the prompt, If the output is too complex or bland to give you a more accurate output at no extra cost"
AMV_10_38_3,Just send me descriptions and I will use those to generate the videos
SDA_1_30_2,Disclaimer: the model will be limited by what it could already generate before it was trained as well as the dataset
ACE_5_48_4,What can you expect
ACE_5_2_5,"As a professional, I extend high-quality editing and rewriting services that can enhance your AI-generated content"
MJA_13_46_6,Thank you for visting my gig:   Do 3d modeling and render images architecture projects visualization   ﻿Do you need professional architecture realistic visualization for commercial / presentation / marketing tools
ACE_20_47_2,"I want to help you as much as possible to be happy with what you are submitting/publishing to other people, and I will do everything I can to ensure that no AI stench comes from your writing"
ACE_8_13_1,"Whether you need help with a blog post, article, essay, or any other type of written content, I am here to help"
ACE_10_20_1,"With my expertise in AI content editing, I offer a seamless blend of advanced technology and expert editing skills"
MJA_8_31_4,I am a professional UI UX designer with 1.5 years of working experience
MJA_13_42_1,Thus I can't promise 100% accuracy
AFC_13_30_4,"Grammar & spelling review: An assessment of your content for grammar mistakes, typos, and other language errors"
MJA_6_20_1,"Few Examples: Photo (actual realistic photo), 3D Render, Digital Painting, Renaissance Painting, Anime, Manga, Pixar, Disney, Acrylic Painting, Vintage Comic Book Art or any other style"
AFC_8_11_1,"Whether it's a portrait of a loved one, a cherished pet, or a beautiful landscape, my AI-generated portraits will bring out the best in your photos"
SDA_13_45_1,You will own all the exploitation rights of the work
SDA_8_2_1,"AI concept art, AI images, AI illustrations, and AI images - created using stable diffusion  *Note: Contact me before placing an order to discuss your requirements"
MJA_12_21_8,"If you're ready to start selling more T-shirts on Etsy, contact me today"
SDA_21_38_1,"Whether you need to restore old photographs, retouch portraits, remove unwanted objects, or create stunning visual effects, I've got you covered"
AFC_11_8_1,Entering data into computer systems and databases 2
AMV_1_12_1,"My work is custom and unique, using artificial intelligence tools and editing techniques to craft personalized visual experiences"
DEA_1_28_8,My Name is Digital Wxlf  I will produce an AI generated image with Dall-E 2 given your desired input
MJA_1_14_1,I'll be happy to help you
MJA_16_2_6,"Kind regards, selimpsart"
AFC_6_24_4,Inbox me and let's get started
DEA_5_44_7,"Here are some of the features that I include in my landing page designs:  Stunning design Conversion-driven layout on Unbounce, Instapage & leadpages, Elementor, Systeme.io, WordPress, Convertri Mobile responsive Integration SEO optimization Fast loading speed Sales Funnel I am confident that I can create a landing page that will help you achieve your business goals"
DEA_2_41_2,My Services Include: High quality resolution PNG or JPG files
AMV_3_46_1,I am also open to revisions to ensure that you are satisfied with the final product
MJA_15_34_6,Programs like Midjourney need a lot of work to give satisfying results
MJA_8_38_4,"Are you looking for stunning and unique concept art and illustration for your game, film, or book"
ACE_1_26_3,Please contact me prior to placing an order
MJA_16_28_4,Please contact me before placing an order to ensure a smooth delivery
ACE_1_39_19,Nothing beats the human touch
ACE_18_48_3,"I can enhance your AI content with impactful, persuasive, and polished rewritten material"
MJA_9_23_1,Contact me today to discuss your project
SDA_9_47_1,"If you want art of an existing anime/game character, keep in mind that the less popular they are and the more complex their design is, the less accurate my art will be to the original"
MJA_4_41_1,"Resolution: 2K or 4K  Dimension: 2048px X 2048px, 1024px X 1024px, or 1024px X 1536px"
AFC_13_6_3,"I'll even check your sources, verify quotes, or cross-reference data to make sure your content is accurate"
DEA_14_20_1,I have been using DALL-E for a long time since it came out and I belive that I can create the art you desire so that you will be delighted with the result
AFC_4_13_3,Are you looking for someone to help you verify the accuracy of your content
AMV_4_12_5,Welcome to my Fiverr gig
ACE_10_5_3,Personalized Approach: I understand the importance of capturing your unique brand voice and delivering content that aligns with your goals and values
AFC_8_31_13,"If you need a speedy turnaround time, ensure that you fill out all the requirements"
SDA_2_15_1,Looking for a memorable and captivating character for your own project or brand
DEA_4_12_2,I'm happy you're here
AFC_6_45_2,"In this gig, you'll learn about various AI tools that can streamline your operations, improve productivity, and provide deep insights into your business performance"
AFC_4_45_5,You can use my PowerPoint Presentation even for commercial purposes too
MJA_14_45_7,Save yourself time and money by choosing me for your next project
DEA_9_25_1,Introducing our cutting-edge AI art project
ACE_12_7_1,"My services include editing existing content, creating new content from scratch, optimizing content for SEO, and more"
ACE_13_37_7,Let me bring it to life with a human touch
DEA_17_2_4,"High-Quality Deliverables: Receive high-resolution images ensuring optimal clarity and versatility for your intended use, for websites, social media, presentations, or prints"
MJA_3_14_7,High-Quality Captions: Accurate transcriptions and engaging captions by our experienced team
AFC_5_48_10,"As an experienced fact checker and meticulous researcher, I understand the importance of providing accurate information to your audience"
AMV_10_26_3,Let me create a visually stunning masterpiece that will accompany your music and captivate your audience
SDA_13_44_2,Key features in the description of your products or specific themes
ACE_14_25_5,"So, why wait"
DEA_15_11_1,You can't create your fantastic artwork because of complex ideas which A.I
MJA_14_6_5,Look no further
ACE_17_47_1,"Professionalism: I deliver high-quality results within the agreed-upon timeframe, meeting your expectations and requirements"
MJA_19_47_4,"Let's get started, shall we"
AFC_1_8_7,"I am an experienced writer who can manage your blog and provide you with engaging, original, and SEO-optimized content that outsmarts your competitors"
MJA_13_34_2,Are you looking for a unique and personalized digital art piece created with the power of AI
SDA_1_38_1,"Thank you for choosing me, I will do my best"
DEA_1_10_2,"All contents will be researched, proofread before and will be translated with most accuracy"
DEA_15_25_2,Exécution des travaux dans les délais et de haute qualité Art unique selon vos demandes Tous les droits d'utilisation de l'œuvre  N'hésitez pas à envoyer un message pour discuter des détails et je suis sûr que vous serez de bonne humeur du travail reçu :)﻿  Le prix peut être discuté
MJA_15_11_2,Your logo will consist of text design and one simple illustration or text embellishment (if you would like illustration
MJA_1_44_4,24/7 chat with me
MJA_10_21_1,Shoot me a message by clicking  contact seller
MJA_11_10_1,"We make:  Static Banners Amazon listing images Product Ads Video Thumbnails Google Banner Ads High Quality JPG/PNG Format Unlimited Revisions Facebook Cover YouTube / Twitter Banner Print Ready on Demand in PDF Format Source Files in PSD format  For more detail please feel free to contact me anytime, i will be happy to help you out"
SDA_12_23_3,"My descriptions are customized to match your brands tone and style, and I use proven methods to ensure each description is as effective as possible"
DEA_1_44_2,"I can also make any necessary color corrections, adjust lighting and contrast"
ACE_3_41_3,"I've honed my editing skills through years of working with public companies on press releases and announcements, working with university-level professors to publish research articles, and working with 150+ clients on Fiverr"
DEA_8_9_1,I have a keen eye for detail and are skilled at capturing the distinctive features and expressions of anime characters
SDA_7_46_4,Things I didn't do:  Images of brutality or violence Naked similar content Political or religious content
MJA_13_39_5,What I make
AMV_5_22_1,Please do not hesitate to reach out with any questions you may have
DEA_9_26_3,I will try my best to make sure that the final products match your prompt well and are exactly what you need
ANM_17_40_10,I can also do custom work
DEA_10_20_2,"It is an artificial intelligence model that learned how to draw, paint, illustrate, model, etc"
SDA_7_3_1,I am quite knowledgeable about SFW and NSFW AI characters
ACE_5_18_13,"Contact me today to discuss your project, and let's work together to elevate your content to new heights"
MJA_4_7_2,I'll keep you updated throughout the process
DEA_17_10_2,"To order, simply send us a high-quality photo of yourself, and our team will take care of the rest"
DEA_17_47_2,"Professional tone: I specialize in crafting CVs with a polished and professional tone, highlighting your skills and achievements effectively"
MJA_6_15_4,"All vector files will be printed and web friendly, ready to use"
SDA_2_23_1,How to order: Send me a message with your description ideas and reference images
DEA_8_15_4,"If you want me to get the AI to generate images for your business or projects or anything else in particular, make an order on this page and tell me what do you exactly want"
MJA_21_2_7,"Professional Caricature and Concept Art Designer  Hello, and welcome to my gig"
DEA_6_39_5,Start Now by clicking the continue button
MJA_3_8_7,"If you want to take control of your financial future or grow an existing business, feel free to hit the green order button and we can get started :)  Let me teach you to succeed"
ACE_2_19_2,It helps give Chat GPT content the human touch it needs to appeal to a human audience
SDA_19_9_1,"I pride myself on providing excellent customer service, and I am always available to answer any questions you may have"
PFR_10_8_1,"Any typo, grammatical or conceptual error will make the communication lose relevance"
AFC_12_46_4,"For other works like designs and sites creation, please review my other GiGs or contact me for a custom quote"
SDA_19_41_1,I will make a realistic Oil Painting based on your photo
AFC_1_38_1,The goal is to ensure that the information being presented is accurate and reliable and to identify and correct any errors or inaccuracies
MJA_12_26_5,"I specialize in creating stunning AI Images for mid-journey AI, with unlimited design options and realistic details to meet specific customer requests"
ACE_3_3_5,Look no further
SDA_10_7_1,From Pixels to Wonders: Unveiling the Extraordinary AI Magics of Models Trained on Your Personal Images
SDA_17_45_5,It is not included in the current packages so please be sure to contact me if you want to create a new one
AFC_14_20_6,"I'm a professional copywriter and editor with more than 3 years of experience writing and selling blogs, website content, and more on Fiverr"
DEA_5_10_3,It's a terrific choice for organisations and individuals seeking for a quick and affordable solution
MJA_19_34_4,"From character designs to logos and everything in between, I can provide you with high-resolution PNG files in 2K, 4K, 6K, and 8K resolution"
MJA_20_27_4,Option to revise your safe pick  *Some tattoos will require the tattoo artist to finish the areas not covered by AI
ACE_20_37_5,"I will also reorganize your sentence structures and layout if they seem otherwise.if it is okay with you, I can suggest some edits such as words you can use to make the content more clear.I will edit your academic reports, essays"
ACE_7_41_16,Are you looking for a professional and reliable AI copy editor
ACE_6_24_1,Another negative ranking factor
ACE_14_41_7,"After that, I guarantee that your information is not only simple to grasp but also interesting for readers by using a blend of authoritative and conversational tones"
SDA_19_1_1,"In the case of a full-body shot, you can even give me a reference photo for the pose"
ACE_10_39_6,My research experience will allow me to provide you with high-quality work
AMV_4_16_6,"If you have any other purposes for this outside music videos, again feel free to send me a message"
MJA_19_45_1,I will create incredible AI generated images of YOUR ideas
ACE_1_1_6,"Hi, I'm Gabrielle, a professional writer, editing & proofreading expert with 8 years of professional experience from The United States  AI-generated content is helping businesses pump out content BUT it can be penalized by search engines and sometimes contain incorrect information or plagiarism"
DEA_1_45_1,"Once we have agreed on the details of the project, I will create a sketch for your review and approval After any necessary revisions to the sketch, I will proceed to color and finalize the design Minor revisions can be made at this stage if needed The final design will be delivered to you upon completion  let's bring your project to the next level with a custom, cute, and kawaii cartoon logo or stickers today"
MJA_16_14_1,"Whether you're looking to create promotional materials or showcase your products online, I'm here to help bring your vision to life"
DEA_7_35_1,I will draw anime or furry character art fast using best AI
ACE_12_11_2,"My services include thoroughly reviewing spelling, grammar, punctuation, readability, and consistency"
MJA_18_47_3,"If you want to run social media on monthly basis I am available for this, providing you with the nice and best art design at a very affordable price, I can make 20 posts per month, 15 static posts, and 5 animated posts with story sizes"
MJA_18_17_7,"Whether you need it for newspaper, ppt, word file or anything, you can just tell me your requirements"
AMV_2_20_1,I will create AI animation videos that match your videos
ACE_2_8_1,"Through various content marketing strategies, I can increase your website visits with valuable content that translates into higher sales"
MJA_4_41_3,Don't waste any more time with dull or flawed images
AFC_2_32_3,Are you looking for an efficient and reliable way to elevate your written content to the next level
MJA_11_7_5,I will provide you an exceptional service with a great turnaround time and unlimited revisions.I assure you a high quality work too
ANM_6_18_6,I would love to offer my ai collaborative services here as well so message me with a description of what you are looking for and I will combine my digital art experience with the power of ai to produce some magical art for you
MJA_9_29_1,"Whether you need a t-shirt design, album cover, poster, hoodie art, let's bring your ideas to life in new and exciting ways"
ACE_14_24_1,I am an experienced proofreader and editor with a track record of success and excellent English skills
AFC_13_3_1,"Hello there, Welcome to my profile"
DEA_8_37_2,I will create an amazing
MJA_21_35_6,Contact us today to learn more about our services and how we can help take your website to the next level
SDA_20_37_5,"Hello, thank you for possibility choosing my Gig for your thumbnail  If you ordered my Gig from myself, your thumbnail will be custom made for yourself"
SDA_21_44_2,"If you have any questions, feel free to ask"
SDA_4_47_3,Are you looking for Video Editing and working at a low rate
MJA_7_48_10,"All of my designs are high-quality and tailored to the needs of rock, hard rock, and metal artists, so you can be sure you're getting the best possible product"
AFC_3_41_1,"Gig features: Full HD, mp4 files, 15-30 seconds long"
MJA_20_26_1,·      Drop shadow / Natural shadow / Reflection Shadow ·      Photo Retouching (Add extra price) ·      Photo Resize
SDA_19_10_7,"I will take your photos and use them to create a fully-trained AI model file, which I will provide to you in the form of CKPT files"
MJA_10_21_3,"You can even choose a famous artist style to base the art on, for example Da Vinci, Picasso, Rembrant, Van Gogh, etc"
MJA_2_19_8,"My one-of-a-kind designs are ideal for personal or business use, including wall art, creative inspiration, website/social media imagery, or just for fun"
ACE_13_43_13,"A WORD & PDF file, ready for publishing or distribution"
SDA_12_24_1,Thank you for visiting my page
AFC_2_5_1,Let me help you present it in the best possible light
MJA_19_28_6,"If you need dinosaurs or prehistoric animals in a more realistic style, check my gig dedicated to paleo art in my profile"
ACE_9_43_5,"AI Editing & Rewriting Services  AI-generated content helps companies create content, however it may be rejected by search engines and include false information or plagiarised material"
SDA_4_46_1,"For this gig, I will create some simple pixel art I can also do: Icon, prop art Tileset Character art Pixel art UI Background/environment art Anything in pixel art Animation  for your items/icons"
AFC_11_44_2,I will deliver your content on time I am online 24/7 I will use only credible sources Free of any grammatical errors
ACE_11_20_2,"So to avoid Google's watchful eye, I will rewrite your content and optimize it for SEO"
AFC_9_45_5,I understand what you want is authentic spanish fluency and that is what I want you to achieve. Always
DEA_1_46_5,Check out my work here: https://sites.google.com/astranova.org/walkerwyatt/home
MJA_17_3_1,Prices may change depending on the complexity of the images
SDA_1_2_2,"I'll take charge of the rest, delivering a remarkable and distinct outcome"
MJA_6_17_4,"With years of experience in a variety of industries, including retail, manufacturing, healthcare, research, and recruiting, I have the expertise to create a cover letter that is tailored to the specific job or program you're after"
ACE_11_44_3,"As an entrepreneur, I know how powerful and helpful AI tools are"
DEA_2_41_4,Welcome to my gig
MJA_12_2_2,"I pay close attention to every detail, from the layout and design to the copy and images, to ensure that your website stands out and drives results"
DEA_13_40_4,Always Provide a Quality Product
DEA_17_22_1,Highlights of my service: Customized and visually appealing designs that capture your customers' attention
AFC_2_16_2,Are you looking for a reliable and experienced researcher to provide you with accurate research summaries and fact-checking services
DEA_7_27_2,99% of Viewers watch your stream or videos just because of eye-catchy thumbnails
AFC_10_9_6,My services include: Fact checking Internet research Verification of sources Proofreading and editing  I am dedicated to providing high-quality work and ensuring complete customer satisfaction
PFR_2_35_2,"Please contact me before placing an order to give you an accurate deadline, or custom offer"
MJA_11_23_3,Profitez de notre processus de personnalisation facile pour créer des cartes de visite uniques et élégantes qui reflètent parfaitement votre style et votre vision
MJA_13_34_2,I'm an experienced AI prompt engineer specializing in creating stunning digital artworks
MJA_4_5_2,"Best, Håkan (creajtiveswede"
MJA_5_12_4,Step into the world of darkness and allure with my Gothic Art Design gig
CET_1_24_8,I look forward to working with you
AMV_10_18_2,Rest assured that all of our animations are meticulously crafted usinng AI tools
MJA_10_15_4,"Hi, my name is Sam"
AMV_7_34_7,Choosing my gig will open up a world of ease and limitless opportunities
MJA_6_19_3,"I offers wide range of image types including photos, product image and lot more  One of my top priority is providing excellent customer service and ensuring all my clients are satisfied"
DEA_5_44_1,"Contact me today, and let's bring your manga dreams to life"
ACE_12_5_6,"Free Unlimited Revisions, & Full Money Back Guarantee if not Satisfied 7"
MJA_17_20_3,Projects of this nature typically fall within our esteemed Premium Package or may necessitate a tailored Custom Offer
ACE_10_37_4,"With my administrations, I can assist you with benefiting from your computer based intelligence and Visit GPT composing - I give a counterfeiting check to Each piece of content altered"
SDA_12_1_4,There are always and every day in life when you take a picture of yourself or have a picture taken of you
ACE_7_12_3,SEO Optimization Proofreading Editing Amazing Readability Quick Delivery    We guarantee careful attention to detail while preserving Jasper's cutting-edge characteristics that make it stand out from the rest when it comes to comprehensive content services
DEA_3_9_2,Unleash the Power of AI for Stunning Images
SDA_6_22_9,I will use advanced AI algorithms to design and refine your character to perfection
DEA_3_5_1,"When you work with me, you can expect prompt and professional service, and a commitment to delivering high-quality work that exceeds your expectations"
AFC_2_26_5,Plagiarism-Free Guarantee:  I will ensure your content is 100% unique and free from any copied or duplicated material
DEA_10_30_7,"In one part of the art, she wears simple and comfortable homely clothes, highlighting her natural beauty and grace"
MJA_11_12_1,"I WILL CREATE THE ILLUSTRATION FIRST AND IF YOU LIKE THEN PLACE ORDER Feel free to ask for a free demo in chat before placing an order I can also make custom face character based on an image of a person I will use an Artificial Intelligence to convert your ideas, concepts or imagination into reality"
MJA_8_28_7,"Logo designed in-house by husband-and-wife team 10,000+ Five-star testimonials On-time delivery guaranteed Priority support Unlimited revisions  We Specialize in Midjourney | Logo Design | AI Generated Logo | AI Logo |  Process: With the aid of midjourney I will create an ai generated logo for you, midjourney will be used mainly to create or inspire the visual imagery such as the symbol in the design, I will then use graphic design software to add a suitable font for your design"
AFC_2_30_6,"Greetings,  We offer a unique and innovative way to express your creativity"
MJA_3_21_1,Outstanding Customer Support Throughout The Order
DEA_14_24_2,"Excel Invoices/Excel Pay Slips Buttons, Drop-down lists, menu, forms"
SDA_11_40_2,So Grab your favorite character & place the order now
SDA_1_33_1,Also we can use a photo for reference if you want
AMV_11_5_2,I will match the imagery to the lyrics
MJA_18_22_1,I am looking forward to work with you
DEA_9_17_1,I CAN DEVELOPE A MANGA AI GAME WITH FULL FEATURES AND FUNCTIONALITY
MJA_6_13_2,"And I am sure about one thing, My quality of work will be in the WOW category"
AFC_2_21_3,"My years of studying and practicing medicine has allowed me to perfect my ability to find accurate and reliable information, cross-check it with various resources, and produce high quality publications"
AFC_2_16_2,Look no further
MJA_15_11_4,"For the standard and premium packages, I will give you several options to choose from, these will not count toward your total images"
DEA_14_27_1,my Fate summoned me being stuck  in Paris while my dearest reached an incredible age
AFC_10_47_2,of words you require
AFC_2_43_2,Strategic Management and planning Business Ethics Employment law Business Law  Reasons to choose me I will deliver your content on time I am online 24/7 I will use only credible sources Free of any grammatical errors  Looking forward to hearing from you
ACE_5_38_7,"When you buy this gig, I will  Edit for grammar, punctuation, spelling and word usage Make recommendations for new copy Improve the flow of your copy Ensure your content is engaging Fact check your text and make any necessary corrections (Premium package only)  To get started, please send me the text you want edited as a Word document or Google doc so I can provide an accurate offer"
AFC_4_9_4,"I will thoroughly research and verify the accuracy of the information in your content, ensuring it is reliable, trustworthy, and plagiarism-free"
SDA_4_8_2,"This will include a vector file, a .png, and any other file format you may need"
MJA_2_5_9,"When you hire me, you are not just getting a simple AI generated art-piece, but a piece that is crafted with utmost care and creativity"
MJA_20_23_1,"Don't hesitate to reach out with any questions or concerns you may have, as it will help me better understand your needs and perfectly meet your expectations"
AFC_5_42_3,"Instead of ordinary videos, why not have a dancing masterpiece that complements your music"
AFC_2_2_1,"As an experienced fact checker, I can help you ensure the accuracy of your content by identifying and removing any inaccuracies or false information that may be detected by AI"
MJA_8_11_1,Place an order
SDA_14_28_1,I specialize in AI-based video and audio generation
SDA_4_43_3,Using newest AI tecnology I will provide you generated NSFW images based on your description
AFC_13_42_3,if the person need any additional work they can be able to contact with me very easily by this number Tel/WhatsApp:- +94777770352 Email:-km.shakeek@gmail.com
DEA_4_48_1,"If you are looking for exceptional and professional visuals for your website, social media accounts, or presentations, you have come to the right place"
AMV_10_4_3,Experience the future of music videos with AI-generated masterpieces
MJA_17_34_4,"If you have any doubts, please do contact me"
AFC_13_43_1,"MY ADVANTAGES:  15+ years of Freelance experience in Market Research, Business analysis, Research and other areas More than 3000 complex to simple projects completed successfully More than 200 satisfied clients all over the world Fluent English speaker Great written and verbal communication skills Flawless communication  I AM SPECIALIZED ON:  Market Research, Business Analysis, Research, Supplier Sourcing, Admin jobs Proficient in handling complex projects in strict deadline Completing all orders/projects within the deadline with employer's satisfaction  Kindly ask me if you have any questions so I can answer right away and start working"
ACE_4_39_4,I'm offering my expertise in midjourney AI services to help you transform your ideas into stunning pieces of art
DEA_8_38_3,You only have to tell me your imagination
SDA_20_44_1,Just give me an idea of what your looking for and I will do my best to bring your vision to life
MJA_13_12_1,You will own 100% of the rights
MJA_4_17_5,"Submit your requirements, and I will provide you with the best possible scripts for your channel"
ACE_3_33_4,Engaging and on-target
AFC_6_5_1,"However, setting up and configuring Robly to fit your specific business needs can be a challenging task"
AFC_4_30_4,"Delivery file  Editable Source file ( .ai .psd ) Ready to Print High Dpi ( PDF, AI, PSD, JPEG, PNG, etc )   >>> With 24 Hour VIP Support <<<    If you have any questions about label design feel free to Message me"
MJA_7_2_1,"This gig can be used to ask for a final product collection or out-of box aesthetics to create fashion, characters and so on"
DEA_6_29_6,My service includes: AI Art Professional
ACE_3_43_22,"In order to give your business the best chance at being discovered organically, you need the human touch of a professional copywriter"
MJA_4_21_2,"With our gig, you can get consistent characters with different styles, expressions, poses, etc"
AFC_11_6_2,Google seems to penalize you for content's SEO and Algorithm standings with plain ole AI content text copied and pasted alone
DEA_7_44_1,I will thus want to give the prompt so that you can use it as you wish
MJA_5_48_1,"I only show image in my portfolio  How to commission me:  - STEP 1: Send me a note by inbox, description of what you want me to generate with AI"
MJA_14_17_3,"I will do my absolute best to recreate exactly what you saw in your dream  No nudity, violence, or drug related themes  Please contact me before placing an order*  Unleash the power of your imagination and bring your dreams to life with a breathtaking AI-generated image"
MJA_1_6_12,"Welcome to our Fiverr gig, where we turn your ideas into stunning visual stories that captivate your audience"
ACE_5_3_6,"I am at your service, please feel free to place your order now"
AFC_4_35_3,"I have the skills, experience, and passion to make a significant impact on your project"
DEA_12_3_2,I will also assist you with the prompt and will make changes to it if needed
SDA_7_44_1,"BACKGROUND* Fix applies to the background as well, to an extent"
DEA_5_21_6,I'm an AI Artist and I'll create ANYTHING you want in ANY STYLE
AFC_1_4_15,Get ready to elevate your brand with a visually stunning and impactful logo that sets you apart from the competition
AFC_4_45_5,I can also create HD videos by using PowerPoint too
ACE_15_20_10,I'm here to help you make your content stand out and connect with your audience
SDA_20_23_2,Say goodbye to endless outfit changes and hello to effortless style
DEA_15_37_1,"Welcome to my Fiverr gig storefront, where imagination knows no limits and creativity takes flight"
AFC_10_40_1,"With my years of experience in research and internet research, I can verify any information and provide you with accurate and reliable results"
SDA_2_23_2,Let's bring your idea to reality with the help of AI (stable diffusion) and enhance it with manual digital drawing software
ACE_17_5_3,Ready to make your website sparkle
MJA_20_48_6,"Please send me a message before placing an order to discuss your ideation  Are you looking for eye-catching ai generated images for your website, social media, or marketing materials"
PFR_14_16_5,Or perhaps you're not a native speaker and would like a second pair of eyes to double check your English grammar
MJA_17_28_2,Before Ordering Ensure that: You have your details ready so that I can include them in your resume
AMV_3_42_1,"My services include AI music video creation, music visualizers, and visual music creation using the latest in AI technology"
AFC_13_6_4,Unlock the full potential of Notion with my services to build custom Notion template / aesthetic templates design to increase productivity
MJA_17_29_10,"About This Gig Generating an AI Artwork (in MIDJOURNEY AI, GIGAPIXEL AI and Affinity Photo V2)  Hey"
MJA_6_46_4,"Every order has UNLIMITED revisions until you are satisfied with the image, please feel free to contact me to any question you have"
MJA_15_39_5,"This can include colors, styles, moods, and any other details you have in mind"
MJA_5_17_3,"Real Estate, Rooms, People... and more"
SDA_10_16_1,"Cyberpunk, dystopian) High resolution image that is upscaled for your viewing pleasure Converting your given image into a customized AI art  If you are seeking reasonable & affordable packages, look no further as I can provide these to you"
MJA_13_45_3,"You choose the design that best matches your vision, and I refine it to perfection"
AFC_12_20_5,By working with me you will get: Quality and plagiarism free content Timely delivery Unlimited revisions Free plagiarism report Fast response  Contact me today
PFR_15_43_2,I never outsource
MJA_14_7_1,"Well, YOU ARE IN THE RIGHT PLACE :3  I will professionally develop a well made, high definition pdf with custom designs to fit your project to be game ready the moment it is delivered"
ACE_10_38_4,"Sure, ChatGPT can produce AI articles and blog posts in seconds, but do they rank"
AFC_2_21_1,Send me a message to discuss your project